benchmark,time_s,depth_m,theta_EFV,theta_reference,psi_EFV_m,psi_reference_m,reference_source
Miller,194400.0,0.025,0.43,0.43,0.0978962180952427,0.0978959793298594,"Authors' implicit Picard calculation generated from the benchmark configuration adapted from Miller, Williams, Kelley and Tocci (1998), https://doi.org/10.1029/98WR01673."
Miller,194400.0,0.075,0.43,0.43,0.0957924597690541,0.0957919835420684,"Authors' implicit Picard calculation generated from the benchmark configuration adapted from Miller, Williams, Kelley and Tocci (1998), https://doi.org/10.1029/98WR01673."
Miller,194400.0,0.125,0.43,0.43,0.0936887484619119,0.0936880373816914,"Authors' implicit Picard calculation generated from the benchmark configuration adapted from Miller, Williams, Kelley and Tocci (1998), https://doi.org/10.1029/98WR01673."
Miller,194400.0,0.175,0.43,0.43,0.0915851073380372,0.0915841653191388,"Authors' implicit Picard calculation generated from the benchmark configuration adapted from Miller, Williams, Kelley and Tocci (1998), https://doi.org/10.1029/98WR01673."
Miller,194400.0,0.225,0.43,0.43,0.0894815591470781,0.0894803914126766,"Authors' implicit Picard calculation generated from the benchmark configuration adapted from Miller, Williams, Kelley and Tocci (1998), https://doi.org/10.1029/98WR01673."
Miller,194400.0,0.275,0.43,0.43,0.0873781260855694,0.0873767391706387,"Authors' implicit Picard calculation generated from the benchmark configuration adapted from Miller, Williams, Kelley and Tocci (1998), https://doi.org/10.1029/98WR01673."
Miller,194400.0,0.325,0.43,0.43,0.0852748296580928,0.0852732314134592,"Authors' implicit Picard calculation generated from the benchmark configuration adapted from Miller, Williams, Kelley and Tocci (1998), https://doi.org/10.1029/98WR01673."
Miller,194400.0,0.375,0.43,0.43,0.0831716905380636,0.0831698901351284,"Authors' implicit Picard calculation generated from the benchmark configuration adapted from Miller, Williams, Kelley and Tocci (1998), https://doi.org/10.1029/98WR01673."
Miller,194400.0,0.425,0.43,0.43,0.0810687284280721,0.0810667363644474,"Authors' implicit Picard calculation generated from the benchmark configuration adapted from Miller, Williams, Kelley and Tocci (1998), https://doi.org/10.1029/98WR01673."
Miller,194400.0,0.475,0.43,0.43,0.0789659619197041,0.0789637900254976,"Authors' implicit Picard calculation generated from the benchmark configuration adapted from Miller, Williams, Kelley and Tocci (1998), https://doi.org/10.1029/98WR01673."
Miller,194400.0,0.525,0.43,0.43,0.0768634083527716,0.0768610697977426,"Authors' implicit Picard calculation generated from the benchmark configuration adapted from Miller, Williams, Kelley and Tocci (1998), https://doi.org/10.1029/98WR01673."
Miller,194400.0,0.5750000000000001,0.43,0.43,0.0747610836738796,0.0747585929752852,"Authors' implicit Picard calculation generated from the benchmark configuration adapted from Miller, Williams, Kelley and Tocci (1998), https://doi.org/10.1029/98WR01673."
Miller,194400.0,0.625,0.43,0.43,0.0726590022942612,0.0726563753254395,"Authors' implicit Picard calculation generated from the benchmark configuration adapted from Miller, Williams, Kelley and Tocci (1998), https://doi.org/10.1029/98WR01673."
Miller,194400.0,0.675,0.43,0.43,0.07055717694681,0.0705544309465822,"Authors' implicit Picard calculation generated from the benchmark configuration adapted from Miller, Williams, Kelley and Tocci (1998), https://doi.org/10.1029/98WR01673."
Miller,194400.0,0.7250000000000001,0.43,0.43,0.0684556185422417,0.0684527721249183,"Authors' implicit Picard calculation generated from the benchmark configuration adapted from Miller, Williams, Kelley and Tocci (1998), https://doi.org/10.1029/98WR01673."
Miller,194400.0,0.775,0.43,0.43,0.0663543360243191,0.0663514091904826,"Authors' implicit Picard calculation generated from the benchmark configuration adapted from Miller, Williams, Kelley and Tocci (1998), https://doi.org/10.1029/98WR01673."
Miller,194400.0,0.8250000000000001,0.43,0.43,0.0642533362240729,0.0642503503720719,"Authors' implicit Picard calculation generated from the benchmark configuration adapted from Miller, Williams, Kelley and Tocci (1998), https://doi.org/10.1029/98WR01673."
Miller,194400.0,0.875,0.43,0.43,0.0621526237129546,0.0621496016510104,"Authors' implicit Picard calculation generated from the benchmark configuration adapted from Miller, Williams, Kelley and Tocci (1998), https://doi.org/10.1029/98WR01673."
Miller,194400.0,0.925,0.43,0.43,0.0600522006548584,0.0600491666139125,"Authors' implicit Picard calculation generated from the benchmark configuration adapted from Miller, Williams, Kelley and Tocci (1998), https://doi.org/10.1029/98WR01673."
Miller,194400.0,0.975,0.43,0.43,0.0579520666569485,0.0579490463041066,"Authors' implicit Picard calculation generated from the benchmark configuration adapted from Miller, Williams, Kelley and Tocci (1998), https://doi.org/10.1029/98WR01673."
Miller,194400.0,1.025,0.43,0.43,0.055852218619233,0.0558492390718875,"Authors' implicit Picard calculation generated from the benchmark configuration adapted from Miller, Williams, Kelley and Tocci (1998), https://doi.org/10.1029/98WR01673."
Miller,194400.0,1.075,0.43,0.43,0.0537526505828236,0.0537497404234072,"Authors' implicit Picard calculation generated from the benchmark configuration adapted from Miller, Williams, Kelley and Tocci (1998), https://doi.org/10.1029/98WR01673."
Miller,194400.0,1.125,0.43,0.43,0.0516533535768231,0.05165054286812,"Authors' implicit Picard calculation generated from the benchmark configuration adapted from Miller, Williams, Kelley and Tocci (1998), https://doi.org/10.1029/98WR01673."
Miller,194400.0,1.175,0.43,0.43,0.0495543154637843,0.0495516357648874,"Authors' implicit Picard calculation generated from the benchmark configuration adapted from Miller, Williams, Kelley and Tocci (1998), https://doi.org/10.1029/98WR01673."
Miller,194400.0,1.225,0.43,0.43,0.0474555207836846,0.0474530051665489,"Authors' implicit Picard calculation generated from the benchmark configuration adapted from Miller, Williams, Kelley and Tocci (1998), https://doi.org/10.1029/98WR01673."
Miller,194400.0,1.275,0.43,0.43,0.0453569505963614,0.0453546336628875,"Authors' implicit Picard calculation generated from the benchmark configuration adapted from Miller, Williams, Kelley and Tocci (1998), https://doi.org/10.1029/98WR01673."
Miller,194400.0,1.3250000000000002,0.43,0.43,0.0432585823223551,0.0432565002220615,"Authors' implicit Picard calculation generated from the benchmark configuration adapted from Miller, Williams, Kelley and Tocci (1998), https://doi.org/10.1029/98WR01673."
Miller,194400.0,1.375,0.43,0.43,0.0411603895821082,0.041158580030375,"Authors' implicit Picard calculation generated from the benchmark configuration adapted from Miller, Williams, Kelley and Tocci (1998), https://doi.org/10.1029/98WR01673."
Miller,194400.0,1.425,0.43,0.43,0.0390623420334672,0.0390608443303174,"Authors' implicit Picard calculation generated from the benchmark configuration adapted from Miller, Williams, Kelley and Tocci (1998), https://doi.org/10.1029/98WR01673."
Miller,194400.0,1.475,0.43,0.43,0.0369644052074378,0.0369632602568361,"Authors' implicit Picard calculation generated from the benchmark configuration adapted from Miller, Williams, Kelley and Tocci (1998), https://doi.org/10.1029/98WR01673."
Miller,194400.0,1.525,0.43,0.43,0.0348665403421432,0.0348657906718592,"Authors' implicit Picard calculation generated from the benchmark configuration adapted from Miller, Williams, Kelley and Tocci (1998), https://doi.org/10.1029/98WR01673."
Miller,194400.0,1.5750000000000002,0.43,0.43,0.0327687042149344,0.0327683939969017,"Authors' implicit Picard calculation generated from the benchmark configuration adapted from Miller, Williams, Kelley and Tocci (1998), https://doi.org/10.1029/98WR01673."
Miller,194400.0,1.625,0.43,0.43,0.0306708489726033,0.0306710240438903,"Authors' implicit Picard calculation generated from the benchmark configuration adapted from Miller, Williams, Kelley and Tocci (1998), https://doi.org/10.1029/98WR01673."
Miller,194400.0,1.675,0.43,0.43,0.0285729219596478,0.0285736298438796,"Authors' implicit Picard calculation generated from the benchmark configuration adapted from Miller, Williams, Kelley and Tocci (1998), https://doi.org/10.1029/98WR01673."
Miller,194400.0,1.725,0.43,0.43,0.0264748655445393,0.0264761554739429,"Authors' implicit Picard calculation generated from the benchmark configuration adapted from Miller, Williams, Kelley and Tocci (1998), https://doi.org/10.1029/98WR01673."
Miller,194400.0,1.775,0.43,0.43,0.0243766169439384,0.0243785398818947,"Authors' implicit Picard calculation generated from the benchmark configuration adapted from Miller, Williams, Kelley and Tocci (1998), https://doi.org/10.1029/98WR01673."
Miller,194400.0,1.825,0.43,0.43,0.0222781080448084,0.022280716709002,"Authors' implicit Picard calculation generated from the benchmark configuration adapted from Miller, Williams, Kelley and Tocci (1998), https://doi.org/10.1029/98WR01673."
Miller,194400.0,1.875,0.43,0.43,0.0201792652243689,0.0201826141105907,"Authors' implicit Picard calculation generated from the benchmark configuration adapted from Miller, Williams, Kelley and Tocci (1998), https://doi.org/10.1029/98WR01673."
Miller,194400.0,1.925,0.43,0.43,0.0180800091678338,0.0180841545743111,"Authors' implicit Picard calculation generated from the benchmark configuration adapted from Miller, Williams, Kelley and Tocci (1998), https://doi.org/10.1029/98WR01673."
Miller,194400.0,1.975,0.43,0.43,0.0159802546838718,0.0159852547363525,"Authors' implicit Picard calculation generated from the benchmark configuration adapted from Miller, Williams, Kelley and Tocci (1998), https://doi.org/10.1029/98WR01673."
Miller,194400.0,2.025,0.43,0.43,0.0138799105177252,0.0138858251952169,"Authors' implicit Picard calculation generated from the benchmark configuration adapted from Miller, Williams, Kelley and Tocci (1998), https://doi.org/10.1029/98WR01673."
Miller,194400.0,2.075,0.43,0.43,0.011778879161918,0.0117857703232694,"Authors' implicit Picard calculation generated from the benchmark configuration adapted from Miller, Williams, Kelley and Tocci (1998), https://doi.org/10.1029/98WR01673."
Miller,194400.0,2.125,0.43,0.43,0.0096770566644785,0.0096849880762144,"Authors' implicit Picard calculation generated from the benchmark configuration adapted from Miller, Williams, Kelley and Tocci (1998), https://doi.org/10.1029/98WR01673."
Miller,194400.0,2.1750000000000003,0.43,0.43,0.0075743324345953,0.0075833698026665,"Authors' implicit Picard calculation generated from the benchmark configuration adapted from Miller, Williams, Kelley and Tocci (1998), https://doi.org/10.1029/98WR01673."
Miller,194400.0,2.225,0.43,0.43,0.0054705890456168,0.0054808000741235,"Authors' implicit Picard calculation generated from the benchmark configuration adapted from Miller, Williams, Kelley and Tocci (1998), https://doi.org/10.1029/98WR01673."
Miller,194400.0,2.275,0.43,0.43,0.0033657020352987,0.0033771566956411,"Authors' implicit Picard calculation generated from the benchmark configuration adapted from Miller, Williams, Kelley and Tocci (1998), https://doi.org/10.1029/98WR01673."
Miller,194400.0,2.325,0.4299823311330654,0.4299811644202006,-0.0009396289569723,-0.0009789479671976,"Authors' implicit Picard calculation generated from the benchmark configuration adapted from Miller, Williams, Kelley and Tocci (1998), https://doi.org/10.1029/98WR01673."
Miller,194400.0,2.375,0.4280132132952142,0.42797931868407,-0.0195263894592109,-0.01974160293965,"Authors' implicit Picard calculation generated from the benchmark configuration adapted from Miller, Williams, Kelley and Tocci (1998), https://doi.org/10.1029/98WR01673."
Miller,194400.0,2.4250000000000003,0.410153052693173,0.409915798835556,-0.0910364646526037,-0.0918135322673368,"Authors' implicit Picard calculation generated from the benchmark configuration adapted from Miller, Williams, Kelley and Tocci (1998), https://doi.org/10.1029/98WR01673."
Miller,194400.0,2.475,0.3300409029171232,0.3293285879673283,-0.3657267246199703,-0.3687834408670692,"Authors' implicit Picard calculation generated from the benchmark configuration adapted from Miller, Williams, Kelley and Tocci (1998), https://doi.org/10.1029/98WR01673."
Miller,194400.0,2.5250000000000004,0.2016686994162059,0.20123883308167,-1.7353429911928842,-1.7467866187145578,"Authors' implicit Picard calculation generated from the benchmark configuration adapted from Miller, Williams, Kelley and Tocci (1998), https://doi.org/10.1029/98WR01673."
Miller,194400.0,2.575,0.1820348771923781,0.1820321187843182,-2.39605725442889,-2.396174639555443,"Authors' implicit Picard calculation generated from the benchmark configuration adapted from Miller, Williams, Kelley and Tocci (1998), https://doi.org/10.1029/98WR01673."
Miller,194400.0,2.625,0.1831332071195416,0.1831331993994105,-2.3499888888512896,-2.349989208018702,"Authors' implicit Picard calculation generated from the benchmark configuration adapted from Miller, Williams, Kelley and Tocci (1998), https://doi.org/10.1029/98WR01673."
Miller,194400.0,2.6750000000000003,0.1843618107070588,0.1843618106847651,-2.299999967906752,-2.299999968799448,"Authors' implicit Picard calculation generated from the benchmark configuration adapted from Miller, Williams, Kelley and Tocci (1998), https://doi.org/10.1029/98WR01673."
Miller,194400.0,2.725,0.1856309886430877,0.1856309886429536,-2.249999999903396,-2.249999999908592,"Authors' implicit Picard calculation generated from the benchmark configuration adapted from Miller, Williams, Kelley and Tocci (1998), https://doi.org/10.1029/98WR01673."
Miller,194400.0,2.7750000000000004,0.1869426632584733,0.1869426632584987,-2.199999999999999,-2.199999999999048,"Authors' implicit Picard calculation generated from the benchmark configuration adapted from Miller, Williams, Kelley and Tocci (1998), https://doi.org/10.1029/98WR01673."
Miller,194400.0,2.825,0.1882991892572743,0.1882991892572527,-2.15,-2.150000000000784,"Authors' implicit Picard calculation generated from the benchmark configuration adapted from Miller, Williams, Kelley and Tocci (1998), https://doi.org/10.1029/98WR01673."
Miller,194400.0,2.875,0.1897031053716591,0.189703105371671,-2.0999999999999988,-2.0999999999995813,"Authors' implicit Picard calculation generated from the benchmark configuration adapted from Miller, Williams, Kelley and Tocci (1998), https://doi.org/10.1029/98WR01673."
Miller,194400.0,2.9250000000000003,0.1911571519948398,0.191157151994848,-2.05,-2.04999999999972,"Authors' implicit Picard calculation generated from the benchmark configuration adapted from Miller, Williams, Kelley and Tocci (1998), https://doi.org/10.1029/98WR01673."
Miller,194400.0,2.975,0.1926642918770702,0.192664291877067,-2.0,-2.000000000000105,"Authors' implicit Picard calculation generated from the benchmark configuration adapted from Miller, Williams, Kelley and Tocci (1998), https://doi.org/10.1029/98WR01673."
Miller,194400.0,3.0250000000000004,0.1942277334347595,0.1942277334347561,-1.949999999999999,-1.9500000000001056,"Authors' implicit Picard calculation generated from the benchmark configuration adapted from Miller, Williams, Kelley and Tocci (1998), https://doi.org/10.1029/98WR01673."
Miller,194400.0,3.075,0.1958509570610177,0.1958509570610351,-1.9,-1.8999999999994757,"Authors' implicit Picard calculation generated from the benchmark configuration adapted from Miller, Williams, Kelley and Tocci (1998), https://doi.org/10.1029/98WR01673."
Miller,194400.0,3.125,0.1975377448960628,0.1975377448960373,-1.8499999999999992,-1.850000000000743,"Authors' implicit Picard calculation generated from the benchmark configuration adapted from Miller, Williams, Kelley and Tocci (1998), https://doi.org/10.1029/98WR01673."
Miller,194400.0,3.1750000000000003,0.1992922145967646,0.1992922145967642,-1.7999999999999992,-1.8000000000000114,"Authors' implicit Picard calculation generated from the benchmark configuration adapted from Miller, Williams, Kelley and Tocci (1998), https://doi.org/10.1029/98WR01673."
Miller,194400.0,3.225,0.2011188577415333,0.2011188577415318,-1.7499999999999982,-1.7500000000000382,"Authors' implicit Picard calculation generated from the benchmark configuration adapted from Miller, Williams, Kelley and Tocci (1998), https://doi.org/10.1029/98WR01673."
Miller,194400.0,3.2750000000000004,0.203022583623301,0.2030225836232938,-1.7000000000000006,-1.7000000000001845,"Authors' implicit Picard calculation generated from the benchmark configuration adapted from Miller, Williams, Kelley and Tocci (1998), https://doi.org/10.1029/98WR01673."
Miller,194400.0,3.325,0.2050087693238575,0.2050087693238301,-1.6500000000000004,-1.6500000000006745,"Authors' implicit Picard calculation generated from the benchmark configuration adapted from Miller, Williams, Kelley and Tocci (1998), https://doi.org/10.1029/98WR01673."
Miller,194400.0,3.375,0.2070833171326584,0.2070833171326583,-1.6,-1.6000000000000023,"Authors' implicit Picard calculation generated from the benchmark configuration adapted from Miller, Williams, Kelley and Tocci (1998), https://doi.org/10.1029/98WR01673."
Miller,194400.0,3.4250000000000003,0.209252720579099,0.2092527205790961,-1.5499999999999998,-1.5500000000000635,"Authors' implicit Picard calculation generated from the benchmark configuration adapted from Miller, Williams, Kelley and Tocci (1998), https://doi.org/10.1029/98WR01673."
Miller,194400.0,3.475,0.2115241405973441,0.2115241405973413,-1.5,-1.5000000000000602,"Authors' implicit Picard calculation generated from the benchmark configuration adapted from Miller, Williams, Kelley and Tocci (1998), https://doi.org/10.1029/98WR01673."
Miller,194400.0,3.5250000000000004,0.21390549364727,0.2139054936472875,-1.4500000000000004,-1.4499999999996414,"Authors' implicit Picard calculation generated from the benchmark configuration adapted from Miller, Williams, Kelley and Tocci (1998), https://doi.org/10.1029/98WR01673."
Miller,194400.0,3.575,0.2164055539863267,0.2164055539859889,-1.4000000000002588,-1.40000000000685,"Authors' implicit Picard calculation generated from the benchmark configuration adapted from Miller, Williams, Kelley and Tocci (1998), https://doi.org/10.1029/98WR01673."
Miller,194400.0,3.625,0.2190340727331946,0.2190340727320413,-1.350000000134724,-1.3500000001561103,"Authors' implicit Picard calculation generated from the benchmark configuration adapted from Miller, Williams, Kelley and Tocci (1998), https://doi.org/10.1029/98WR01673."
Miller,194400.0,3.675,0.2218019169029829,0.2218019169014303,-1.3000000012724915,-1.3000000012998123,"Authors' implicit Picard calculation generated from the benchmark configuration adapted from Miller, Williams, Kelley and Tocci (1998), https://doi.org/10.1029/98WR01673."
Miller,194400.0,3.725,0.2247212321004588,0.2247212320986598,-1.2500000090739298,-1.2500000091039192,"Authors' implicit Picard calculation generated from the benchmark configuration adapted from Miller, Williams, Kelley and Tocci (1998), https://doi.org/10.1029/98WR01673."
Miller,194400.0,3.775,0.2278056325554577,0.22780563255376,-1.2000000561170945,-1.2000000561438564,"Authors' implicit Picard calculation generated from the benchmark configuration adapted from Miller, Williams, Kelley and Tocci (1998), https://doi.org/10.1029/98WR01673."
Miller,194400.0,3.825,0.231070419424081,0.2310704194255274,-1.1500003055388306,-1.1500003055173107,"Authors' implicit Picard calculation generated from the benchmark configuration adapted from Miller, Williams, Kelley and Tocci (1998), https://doi.org/10.1029/98WR01673."
Miller,194400.0,3.875,0.2345328153774947,0.2345328153984209,-1.1000014650034815,-1.1000014647102023,"Authors' implicit Picard calculation generated from the benchmark configuration adapted from Miller, Williams, Kelley and Tocci (1998), https://doi.org/10.1029/98WR01673."
Miller,194400.0,3.925,0.2382121622765571,0.2382121623895426,-1.0500061782768746,-1.050006176788444,"Authors' implicit Picard calculation generated from the benchmark configuration adapted from Miller, Williams, Kelley and Tocci (1998), https://doi.org/10.1029/98WR01673."
Miller,194400.0,3.975,0.2421299312351342,0.24212993170634,-1.000022899649714,-1.0000228938279123,"Authors' implicit Picard calculation generated from the benchmark configuration adapted from Miller, Williams, Kelley and Tocci (1998), https://doi.org/10.1029/98WR01673."
Miller,194400.0,4.025,0.2463092380867345,0.2463092397220764,-0.9500746200505782,-0.9500746011456126,"Authors' implicit Picard calculation generated from the benchmark configuration adapted from Miller, Williams, Kelley and Tocci (1998), https://doi.org/10.1029/98WR01673."
Miller,194400.0,4.075,0.2507734565906488,0.2507734614034332,-0.900214130101651,-0.9002140781697343,"Authors' implicit Picard calculation generated from the benchmark configuration adapted from Miller, Williams, Kelley and Tocci (1998), https://doi.org/10.1029/98WR01673."
Miller,194400.0,4.125,0.2555437727898049,0.2555437849150645,-0.8505429275420291,-0.8505428057121797,"Authors' implicit Picard calculation generated from the benchmark configuration adapted from Miller, Williams, Kelley and Tocci (1998), https://doi.org/10.1029/98WR01673."
Miller,194400.0,4.175,0.2606363971283706,0.2606364235059151,-0.8012226167784918,-0.8012223705550651,"Authors' implicit Picard calculation generated from the benchmark configuration adapted from Miller, Williams, Kelley and Tocci (1998), https://doi.org/10.1029/98WR01673."
Miller,194400.0,4.2250000000000005,0.2660613380923096,0.2660613881075268,-0.7524624214876818,-0.7524619886324488,"Authors' implicit Picard calculation generated from the benchmark configuration adapted from Miller, Williams, Kelley and Tocci (1998), https://doi.org/10.1029/98WR01673."
Miller,194400.0,4.275,0.2718250294362805,0.2718251129759885,-0.7044738535046726,-0.7044731843468617,"Authors' implicit Picard calculation generated from the benchmark configuration adapted from Miller, Williams, Kelley and Tocci (1998), https://doi.org/10.1029/98WR01673."
Miller,194400.0,4.325,0.2779377446933317,0.2779378690034988,-0.6574034347902483,-0.657402514530381,"Authors' implicit Picard calculation generated from the benchmark configuration adapted from Miller, Williams, Kelley and Tocci (1998), https://doi.org/10.1029/98WR01673."
Miller,194400.0,4.375,0.2844242244040706,0.2844243910396072,-0.6112714753406717,-0.6112703367334901,"Authors' implicit Picard calculation generated from the benchmark configuration adapted from Miller, Williams, Kelley and Tocci (1998), https://doi.org/10.1029/98WR01673."
Miller,194400.0,4.425,0.2913341191720908,0.291334322431628,-0.5659443138867125,-0.5659430337375442,"Authors' implicit Picard calculation generated from the benchmark configuration adapted from Miller, Williams, Kelley and Tocci (1998), https://doi.org/10.1029/98WR01673."
Miller,194400.0,4.4750000000000005,0.2987488771201084,0.2987491046429119,-0.5211509308779882,-0.521149612271763,"Authors' implicit Picard calculation generated from the benchmark configuration adapted from Miller, Williams, Kelley and Tocci (1998), https://doi.org/10.1029/98WR01673."
Miller,194400.0,4.525,0.3067831057198051,0.3067833409734553,-0.4765361261223035,-0.4765348740841292,"Authors' implicit Picard calculation generated from the benchmark configuration adapted from Miller, Williams, Kelley and Tocci (1998), https://doi.org/10.1029/98WR01673."
Miller,194400.0,4.575,0.3155800027835033,0.3155802285158489,-0.4317314563886762,-0.4317303557200454,"Authors' implicit Picard calculation generated from the benchmark configuration adapted from Miller, Williams, Kelley and Tocci (1998), https://doi.org/10.1029/98WR01673."
Miller,194400.0,4.625,0.3253012869468061,0.3253014884867486,-0.3864229090095974,-0.3864220106409126,"Authors' implicit Picard calculation generated from the benchmark configuration adapted from Miller, Williams, Kelley and Tocci (1998), https://doi.org/10.1029/98WR01673."
Miller,194400.0,4.675,0.3361116549563647,0.3361118224679114,-0.3403982313175454,-0.3403975495483444,"Authors' implicit Picard calculation generated from the benchmark configuration adapted from Miller, Williams, Kelley and Tocci (1998), https://doi.org/10.1029/98WR01673."
Miller,194400.0,4.7250000000000005,0.3481555709166705,0.348155700191808,-0.2935648170646747,-0.2935643360865365,"Authors' implicit Picard calculation generated from the benchmark configuration adapted from Miller, Williams, Kelley and Tocci (1998), https://doi.org/10.1029/98WR01673."
Miller,194400.0,4.775,0.3615192151139229,0.3615193070277109,-0.2459388953546146,-0.2459385808253487,"Authors' implicit Picard calculation generated from the benchmark configuration adapted from Miller, Williams, Kelley and Tocci (1998), https://doi.org/10.1029/98WR01673."
Miller,194400.0,4.825,0.3761612941115555,0.3761613532472557,-0.197615091047382,-0.1976149020110492,"Authors' implicit Picard calculation generated from the benchmark configuration adapted from Miller, Williams, Kelley and Tocci (1998), https://doi.org/10.1029/98WR01673."
Miller,194400.0,4.875,0.3917811705988134,0.3917812036624799,-0.1487290109986857,-0.1487289088544816,"Authors' implicit Picard calculation generated from the benchmark configuration adapted from Miller, Williams, Kelley and Tocci (1998), https://doi.org/10.1029/98WR01673."
Miller,194400.0,4.925000000000001,0.4075683453117106,0.4075683598270119,-0.0994236475221254,-0.0994236008637107,"Authors' implicit Picard calculation generated from the benchmark configuration adapted from Miller, Williams, Kelley and Tocci (1998), https://doi.org/10.1029/98WR01673."
Miller,194400.0,4.9750000000000005,0.4217239022365221,0.4217239057612948,-0.0498248400656662,-0.0498248258385672,"Authors' implicit Picard calculation generated from the benchmark configuration adapted from Miller, Williams, Kelley and Tocci (1998), https://doi.org/10.1029/98WR01673."
